Title,Author,Format-Year
Spanish Romance Stories for Language Learning,"Rowett, Mary","eAudiobook, 2026"
Welcome to Learning Spanish,Diana Trejos de Villegas,"eBook, 2026"
Learning Spanish-beginner I,Iris Acevedo A.,"eBook, 2025. Language: Spanish"
Real-World Spanish: The Conversation Learning System,Camila Vega Rivera,"eAudiobook, 2025"
100 Facts About Learning Spanish,Science-Based Language Learning Lab,"eAudiobook, 2024"
No Tears Spanish Grammar: Easy Learning: Essential Rules for Beginners,"Bennett, Olivia","eBook, 2024"
100 Facts About Learning Spanish,Science-Based Language Learning Lab,"eBook, 2024"
A Beginner's Guide to Learning Spanish,"Miller, Jackson","eAudiobook, 2024"
The Ultimate Learning Spanish Blueprint - 10 Essential Steps,"Ramirez, Andres","eAudiobook, 2024"
Learning Spanish for Adults Beginner,"World, Spain","eBook, 2023"
Learning to Read in English and Spanish Made Easy,"Navarijo, Susie G.","eBook, 2022"
Spanish for Beginners: A Comprehensive Guide for Learning the Spanish Language Fast,Language Equipped Travelers,"eBook, 2021"
Learn Spanish Like a Native for Beginners - Level 1: Learning Spanish in Your Car Has Never Been Eas,Learn Like a Native,"eBook, 2021"
Learn Spanish Like a Native for Beginners - Level 2: Learning Spanish in Your Car Has Never Been Eas,Learn Like a Native,"eBook, 2021"
"Spanish: Beginner's Step by Step Course to Quickly Learning the Spanish Language, Spanish Grammar &","Michaels, Steven J.","eBook, 2021"
I am learning Spanish,"Gardner, James M.","eAudiobook, 2018"
The Best Spanish Learning Games for Children,"Professor, Baby","eBook, 2017"
Easy Learning Spanish Vocabulary,"Dictionaries, Collins","eBook, 2016. Language: Spanish"
Spanish Easy Learning Complete Course,Carmen García del Río,"eAudiobook, 2016"
Learning the Local Language: Your Guide to Real World Spanish,"Romey, Jared","eBook, 2013"
